{
  "model": "mistral-nemo-12b",
  "top_k": 5,
  "n_queries": 1100,
  "results": [
    {
      "condition": "BEAR+BGE (gov)",
      "exact_accuracy": 0.6827272727272727,
      "exact_ci": {
        "point_estimate": 0.6827272727272727,
        "ci_lower": 0.6554545454545454,
        "ci_upper": 0.71,
        "std": 0.46562628989318133,
        "n": 1100
      },
      "tool_accuracy": 0.7609090909090909,
      "tool_ci": {
        "point_estimate": 0.7609090909090909,
        "ci_lower": 0.7354545454545455,
        "ci_upper": 0.7854545454545454,
        "std": 0.426722373972437,
        "n": 1100
      },
      "recall": 0.6822424242424243,
      "recall_ci": {
        "point_estimate": 0.6822424242424243,
        "ci_lower": 0.6620303030303031,
        "ci_upper": 0.7024397727272726,
        "std": 0.3493184458676304,
        "n": 1100
      },
      "precision": 0.3089090909090909,
      "precision_ci": {
        "point_estimate": 0.3089090909090909,
        "ci_lower": 0.2989090909090909,
        "ci_upper": 0.31872727272727275,
        "std": 0.17072529246124896,
        "n": 1100
      },
      "f1": 0.4178320871048144,
      "f1_ci": {
        "point_estimate": 0.4178320871048144,
        "ci_lower": 0.40527129902925363,
        "ci_upper": 0.43024354748786575,
        "std": 0.21576671305040582,
        "n": 1100
      },
      "ndcg": 0.645404624355041,
      "ndcg_ci": {
        "point_estimate": 0.645404624355041,
        "ci_lower": 0.6256225944495809,
        "ci_upper": 0.664503463536479,
        "std": 0.3327930110340361,
        "n": 1100
      },
      "llm_errors": 36,
      "total": 1100
    },
    {
      "condition": "BEAR+BGE-M3 (gov)",
      "exact_accuracy": 0.6890909090909091,
      "exact_ci": {
        "point_estimate": 0.6890909090909091,
        "ci_lower": 0.6618181818181819,
        "ci_upper": 0.7163636363636363,
        "std": 0.4630762066503609,
        "n": 1100
      },
      "tool_accuracy": 0.75,
      "tool_ci": {
        "point_estimate": 0.75,
        "ci_lower": 0.7236363636363636,
        "ci_upper": 0.7754545454545455,
        "std": 0.4332096601475225,
        "n": 1100
      },
      "recall": 0.6784393939393939,
      "recall_ci": {
        "point_estimate": 0.6784393939393939,
        "ci_lower": 0.6570147727272727,
        "ci_upper": 0.6998185606060605,
        "std": 0.3634388474534244,
        "n": 1100
      },
      "precision": 0.30727272727272725,
      "precision_ci": {
        "point_estimate": 0.30727272727272725,
        "ci_lower": 0.2969090909090909,
        "ci_upper": 0.3176363636363636,
        "std": 0.1770802992332593,
        "n": 1100
      },
      "f1": 0.4156327561327562,
      "f1_ci": {
        "point_estimate": 0.4156327561327562,
        "ci_lower": 0.4023507969303424,
        "ci_upper": 0.4287111357077267,
        "std": 0.22512348865479978,
        "n": 1100
      },
      "ndcg": 0.6481165353051771,
      "ndcg_ci": {
        "point_estimate": 0.6481165353051771,
        "ci_lower": 0.6275835087732036,
        "ci_upper": 0.6679996351137101,
        "std": 0.3435045360341364,
        "n": 1100
      },
      "llm_errors": 23,
      "total": 1100
    },
    {
      "condition": "BEAR+Qwen3-0.6B (gov)",
      "exact_accuracy": 0.7072727272727273,
      "exact_ci": {
        "point_estimate": 0.7072727272727273,
        "ci_lower": 0.68,
        "ci_upper": 0.7336363636363636,
        "std": 0.4552212694603355,
        "n": 1100
      },
      "tool_accuracy": 0.7845454545454545,
      "tool_ci": {
        "point_estimate": 0.7845454545454545,
        "ci_lower": 0.76,
        "ci_upper": 0.8081818181818182,
        "std": 0.4113243140024695,
        "n": 1100
      },
      "recall": 0.742530303030303,
      "recall_ci": {
        "point_estimate": 0.742530303030303,
        "ci_lower": 0.7224984848484849,
        "ci_upper": 0.7620912878787878,
        "std": 0.3349913444859533,
        "n": 1100
      },
      "precision": 0.3385454545454546,
      "precision_ci": {
        "point_estimate": 0.3385454545454546,
        "ci_lower": 0.32854545454545453,
        "ci_upper": 0.3481818181818182,
        "std": 0.1658948018599215,
        "n": 1100
      },
      "f1": 0.4569770431588614,
      "f1_ci": {
        "point_estimate": 0.4569770431588614,
        "ci_lower": 0.4444431523022433,
        "ci_upper": 0.46905040010494564,
        "std": 0.20779541355057113,
        "n": 1100
      },
      "ndcg": 0.7133903034268451,
      "ndcg_ci": {
        "point_estimate": 0.7133903034268451,
        "ci_lower": 0.6941520399124955,
        "ci_upper": 0.7318737300855453,
        "std": 0.3183861235317834,
        "n": 1100
      },
      "llm_errors": 35,
      "total": 1100
    },
    {
      "condition": "BEAR+Qwen3-4B (gov)",
      "exact_accuracy": 0.6809090909090909,
      "exact_ci": {
        "point_estimate": 0.6809090909090909,
        "ci_lower": 0.6536363636363637,
        "ci_upper": 0.7081818181818181,
        "std": 0.466336359791118,
        "n": 1100
      },
      "tool_accuracy": 0.7681818181818182,
      "tool_ci": {
        "point_estimate": 0.7681818181818182,
        "ci_lower": 0.7436363636363637,
        "ci_upper": 0.7918181818181819,
        "std": 0.4221854441589117,
        "n": 1100
      },
      "recall": 0.7380454545454544,
      "recall_ci": {
        "point_estimate": 0.7380454545454544,
        "ci_lower": 0.7186810606060605,
        "ci_upper": 0.7576367424242425,
        "std": 0.3260010487836707,
        "n": 1100
      },
      "precision": 0.33636363636363636,
      "precision_ci": {
        "point_estimate": 0.33636363636363636,
        "ci_lower": 0.32690909090909087,
        "ci_upper": 0.34600000000000003,
        "std": 0.16262590012005637,
        "n": 1100
      },
      "f1": 0.454047028728847,
      "f1_ci": {
        "point_estimate": 0.454047028728847,
        "ci_lower": 0.4422471254755346,
        "ci_upper": 0.46612191230486694,
        "std": 0.20243647748143104,
        "n": 1100
      },
      "ndcg": 0.6949188814789012,
      "ndcg_ci": {
        "point_estimate": 0.6949188814789012,
        "ci_lower": 0.6760141065150604,
        "ci_upper": 0.7136702611113636,
        "std": 0.3154359004933038,
        "n": 1100
      },
      "llm_errors": 39,
      "total": 1100
    },
    {
      "condition": "BEAR+BM25 (gov)",
      "exact_accuracy": 0.6072727272727273,
      "exact_ci": {
        "point_estimate": 0.6072727272727273,
        "ci_lower": 0.5790909090909091,
        "ci_upper": 0.6363636363636364,
        "std": 0.4885791345156821,
        "n": 1100
      },
      "tool_accuracy": 0.6754545454545454,
      "tool_ci": {
        "point_estimate": 0.6754545454545454,
        "ci_lower": 0.6472727272727272,
        "ci_upper": 0.7027272727272728,
        "std": 0.4684177311080834,
        "n": 1100
      },
      "recall": 0.5856212121212122,
      "recall_ci": {
        "point_estimate": 0.5856212121212122,
        "ci_lower": 0.5636060606060607,
        "ci_upper": 0.6079556818181817,
        "std": 0.37387592178130796,
        "n": 1100
      },
      "precision": 0.26745454545454544,
      "precision_ci": {
        "point_estimate": 0.26745454545454544,
        "ci_lower": 0.2567272727272727,
        "ci_upper": 0.2781818181818182,
        "std": 0.1813779847837532,
        "n": 1100
      },
      "f1": 0.3602375049193231,
      "f1_ci": {
        "point_estimate": 0.3602375049193231,
        "ci_lower": 0.3468296782762692,
        "ci_upper": 0.37384094680571955,
        "std": 0.23086540299931593,
        "n": 1100
      },
      "ndcg": 0.5658993810605886,
      "ndcg_ci": {
        "point_estimate": 0.5658993810605886,
        "ci_lower": 0.5451106946967836,
        "ci_upper": 0.5871727257122683,
        "std": 0.3596062292663484,
        "n": 1100
      },
      "llm_errors": 46,
      "total": 1100
    },
    {
      "condition": "BEAR+Hash (gov)",
      "exact_accuracy": 0.10727272727272727,