{
  "model": "mistralai/Mistral-Nemo-Instruct-2407",
  "top_k": 5,
  "n_queries": 1100,
  "results": [
    {
      "condition": "BEAR+BGE (gov)",
      "exact_accuracy": 0.0,
      "exact_ci": {
        "point_estimate": 0.0,
        "ci_lower": 0.0,
        "ci_upper": 0.0,
        "std": 0.0,
        "n": 1100
      },
      "tool_accuracy": 0.0,
      "tool_ci": {
        "point_estimate": 0.0,
        "ci_lower": 0.0,
        "ci_upper": 0.0,
        "std": 0.0,
        "n": 1100
      },
      "recall": 0.6822424242424243,
      "recall_ci": {
        "point_estimate": 0.6822424242424243,
        "ci_lower": 0.6620303030303031,
        "ci_upper": 0.7024397727272726,
        "std": 0.3493184458676304,
        "n": 1100
      },
      "precision": 0.3089090909090909,
      "precision_ci": {
        "point_estimate": 0.3089090909090909,
        "ci_lower": 0.2989090909090909,
        "ci_upper": 0.31872727272727275,
        "std": 0.17072529246124896,
        "n": 1100
      },
      "f1": 0.4178320871048144,
      "f1_ci": {
        "point_estimate": 0.4178320871048144,
        "ci_lower": 0.40527129902925363,
        "ci_upper": 0.43024354748786575,
        "std": 0.21576671305040582,
        "n": 1100
      },
      "ndcg": 0.645404624355041,
      "ndcg_ci": {
        "point_estimate": 0.645404624355041,
        "ci_lower": 0.6256225944495809,
        "ci_upper": 0.664503463536479,
        "std": 0.3327930110340361,
        "n": 1100
      },
      "llm_errors": 1100,
      "total": 1100
    },
    {
      "condition": "BEAR+BGE-M3 (gov)",
      "exact_accuracy": 0.0,
      "exact_ci": {
        "point_estimate": 0.0,
        "ci_lower": 0.0,
        "ci_upper": 0.0,
        "std": 0.0,
        "n": 1100
      },
      "tool_accuracy": 0.0,
      "tool_ci": {
        "point_estimate": 0.0,
        "ci_lower": 0.0,
        "ci_upper": 0.0,
        "std": 0.0,
        "n": 1100
      },
      "recall": 0.677530303030303,
      "recall_ci": {
        "point_estimate": 0.677530303030303,
        "ci_lower": 0.6559393939393939,
        "ci_upper": 0.6987579545454545,
        "std": 0.36311931654155527,
        "n": 1100
      },
      "precision": 0.3070909090909091,
      "precision_ci": {
        "point_estimate": 0.3070909090909091,
        "ci_lower": 0.29672727272727273,
        "ci_upper": 0.31745454545454543,
        "std": 0.17729309002804727,
        "n": 1100
      },
      "f1": 0.41524609733700646,
      "f1_ci": {
        "point_estimate": 0.41524609733700646,
        "ci_lower": 0.40208016364948185,
        "ci_upper": 0.42843869211596486,
        "std": 0.2251848619370603,
        "n": 1100
      },
      "ndcg": 0.6476835348821103,
      "ndcg_ci": {
        "point_estimate": 0.6476835348821103,
        "ci_lower": 0.6272159314642208,
        "ci_upper": 0.6678411846683546,
        "std": 0.3435971323669111,
        "n": 1100
      },
      "llm_errors": 1100,
      "total": 1100
    },
    {
      "condition": "BEAR+Qwen3-0.6B (gov)",
      "exact_accuracy": 0.0,
      "exact_ci": {
        "point_estimate": 0.0,
        "ci_lower": 0.0,
        "ci_upper": 0.0,
        "std": 0.0,
        "n": 1100
      },
      "tool_accuracy": 0.0,
      "tool_ci": {
        "point_estimate": 0.0,
        "ci_lower": 0.0,
        "ci_upper": 0.0,
        "std": 0.0,
        "n": 1100
      },
      "recall": 0.7413939393939394,
      "recall_ci": {
        "point_estimate": 0.7413939393939394,
        "ci_lower": 0.7213621212121212,
        "ci_upper": 0.7606973484848484,
        "std": 0.3354824205795011,
        "n": 1100
      },
      "precision": 0.338,
      "precision_ci": {
        "point_estimate": 0.338,
        "ci_lower": 0.328,
        "ci_upper": 0.3478181818181818,
        "std": 0.16602070756751788,
        "n": 1100
      },
      "f1": 0.4562555424373607,
      "f1_ci": {
        "point_estimate": 0.4562555424373607,
        "ci_lower": 0.4436893709825528,
        "ci_upper": 0.46832437196641746,
        "std": 0.2081002094289783,
        "n": 1100
      },
      "ndcg": 0.7121442875827252,
      "ndcg_ci": {
        "point_estimate": 0.7121442875827252,
        "ci_lower": 0.6929469689659791,
        "ci_upper": 0.730665697190635,
        "std": 0.31907475382913997,
        "n": 1100
      },
      "llm_errors": 1100,
      "total": 1100
    },
    {
      "condition": "BEAR+Qwen3-4B (gov)",
      "exact_accuracy": 0.0,
      "exact_ci": {
        "point_estimate": 0.0,
        "ci_lower": 0.0,
        "ci_upper": 0.0,
        "std": 0.0,
        "n": 1100
      },
      "tool_accuracy": 0.0,
      "tool_ci": {
        "point_estimate": 0.0,
        "ci_lower": 0.0,
        "ci_upper": 0.0,
        "std": 0.0,
        "n": 1100
      },
      "recall": 0.7377121212121212,
      "recall_ci": {
        "point_estimate": 0.7377121212121212,
        "ci_lower": 0.7183174242424242,
        "ci_upper": 0.757303409090909,
        "std": 0.32623511130175364,
        "n": 1100
      },
      "precision": 0.3358181818181818,
      "precision_ci": {
        "point_estimate": 0.3358181818181818,
        "ci_lower": 0.32636363636363636,
        "ci_upper": 0.34545454545454546,
        "std": 0.16207470737324067,
        "n": 1100
      },
      "f1": 0.4535261052079234,
      "f1_ci": {
        "point_estimate": 0.4535261052079234,
        "ci_lower": 0.44163262167125805,
        "ci_upper": 0.4654276777515414,
        "std": 0.20204231944113682,
        "n": 1100
      },
      "ndcg": 0.693460250927783,
      "ndcg_ci": {
        "point_estimate": 0.693460250927783,
        "ci_lower": 0.6744021296420586,
        "ci_upper": 0.7121374106869853,
        "std": 0.3157666866832254,
        "n": 1100
      },
      "llm_errors": 1100,
      "total": 1100
    },
    {
      "condition": "BEAR+BM25 (gov)",
      "exact_accuracy": 0.0,
      "exact_ci": {
        "point_estimate": 0.0,
        "ci_lower": 0.0,
        "ci_upper": 0.0,
        "std": 0.0,
        "n": 1100
      },
      "tool_accuracy": 0.0,
      "tool_ci": {
        "point_estimate": 0.0,
        "ci_lower": 0.0,
        "ci_upper": 0.0,
        "std": 0.0,
        "n": 1100
      },
      "recall": 0.5863787878787878,
      "recall_ci": {
        "point_estimate": 0.5863787878787878,
        "ci_lower": 0.5644393939393939,
        "ci_upper": 0.6086367424242424,
        "std": 0.3736676434874318,
        "n": 1100
      },
      "precision": 0.26781818181818184,
      "precision_ci": {
        "point_estimate": 0.26781818181818184,
        "ci_lower": 0.2570909090909091,
        "ci_upper": 0.27854545454545454,
        "std": 0.18144291656389758,
        "n": 1100
      },
      "f1": 0.3607245179063361,
      "f1_ci": {
        "point_estimate": 0.3607245179063361,
        "ci_lower": 0.34734373442214356,
        "ci_upper": 0.37430145284008925,
        "std": 0.23088097665896484,
        "n": 1100
      },
      "ndcg": 0.5661497349393899,
      "ndcg_ci": {
        "point_estimate": 0.5661497349393899,
        "ci_lower": 0.5452924354146098,
        "ci_upper": 0.5874557149356388,
        "std": 0.3595877658481282,
        "n": 1100
      },
      "llm_errors": 1100,
      "total": 1100
    },
    {
      "condition": "BEAR+Hash (gov)",
      "exact_accuracy": 0.0,
      "exact_ci": {
        "point_estimate": 0.0,
        "ci_lower": 0.0,
        "ci_upper": 0.0,
        "std": 0.0,
        "n": 1100
      },
      "tool_accuracy": 0.0,
      "tool_ci": {
        "point_estimate": 0.0,
        "ci_lower": 0.0,
        "ci_upper": 0.0,
        "std": 0.0,
        "n": 1100
      },
      "recall": 0.09510606060606058,
      "recall_ci": {
        "point_estimate": 0.09510606060606058,
        "ci_lower": 0.08036363636363636,
        "ci_upper": 0.11047007575757575,
        "std": 0.25587533231562504,
        "n": 1100
      },
      "precision": 0.04527272727272728,
      "precision_ci": {
        "point_estimate": 0.04527272727272728,