{
  "Full governance": {
    "Standard": {
      "BM25": {
        "f1": 0.8716424316424316,
        "ci": [
          0.8350328837828838,
          0.9056998637936136
        ]
      },
      "Hash": {
        "f1": 0.8353387353387354,
        "ci": [
          0.800423242266992,
          0.8686826275576277
        ]
      },
      "BGE-base": {
        "f1": 0.7802407314907315,
        "ci": [
          0.7555287108724609,
          0.8058659257409255
        ]
      },
      "BGE-M3": {
        "f1": 0.7957809320309319,
        "ci": [
          0.7660634724072225,
          0.8250720425407925
        ]
      },
      "Nemotron-8B": {
        "f1": 0.7368324730824728,
        "ci": [
          0.7179898192085692,
          0.7557262355699856
        ]
      },
      "Qwen3-0.6B": {
        "f1": 0.7544151681651681,
        "ci": [
          0.7261187701187699,
          0.7815855047730046
        ]
      },
      "Qwen3-4B": {
        "f1": 0.7855619843119842,
        "ci": [
          0.7526435104247604,
          0.8180142484829983
        ]
      },
      "ITR": {
        "f1": 0.18196428571428572,
        "ci": [
          0.16176537698412694,
          0.2029970238095238
        ]
      },
      "Random-k": {
        "f1": 0.11648960317460318,
        "ci": [
          0.11398347718253965,
          0.11896936607142855
        ]
      }
    },
    "Paraphrase": {
      "BM25": {
        "f1": 0.8976094276094276,
        "ci": [
          0.8750833333333333,
          0.9198316498316498
        ]
      },
      "Hash": {
        "f1": 0.8860774410774411,
        "ci": [
          0.8653030303030304,
          0.9072895622895623
        ]
      },
      "BGE-base": {
        "f1": 0.8362056462056462,
        "ci": [
          0.8109177674177673,
          0.861424728049728
        ]
      },
      "BGE-M3": {
        "f1": 0.8604040404040404,
        "ci": [
          0.8381275252525252,
          0.8815496632996632
        ]
      },
      "Nemotron-8B": {
        "f1": 0.7333655233655233,
        "ci": [
          0.7203223581973581,
          0.7463407425907425
        ]
      },
      "Qwen3-0.6B": {
        "f1": 0.8074138824138823,
        "ci": [
          0.7865604118104117,
          0.8282195998445997
        ]
      },
      "Qwen3-4B": {
        "f1": 0.8296361046361046,
        "ci": [
          0.8051954156954155,
          0.8545130795130794
        ]
      },
      "ITR": {
        "f1": 0.05777777777777778,
        "ci": [
          0.039047619047619046,
          0.07809523809523813
        ]
      },
      "Random-k": {
        "f1": 0.10190507936507938,
        "ci": [
          0.10013190476190478,
          0.1038424246031746
        ]
      }
    },
    "No-tag": {
      "BM25": {
        "f1": 0.7179145956923734,
        "ci": [
          0.6920511998289774,
          0.7448868646785313
        ]
      },
      "Hash": {
        "f1": 0.8371840094062314,
        "ci": [
          0.8125808348030568,
          0.8615083039388592
        ]
      },
      "BGE-base": {
        "f1": 0.7013842124953233,
        "ci": [
          0.6843612046389822,
          0.718481107369996
        ]
      },
      "BGE-M3": {
        "f1": 0.8007963230185449,
        "ci": [
          0.7769925444925443,
          0.8240275439580993
        ]
      },
      "Nemotron-8B": {
        "f1": 0.7043771043771043,
        "ci": [
          0.6915824915824915,
          0.7159371492704826
        ]
      },
      "Qwen3-0.6B": {
        "f1": 0.7183688739244295,
        "ci": [
          0.6982790871679759,
          0.7393191170968947
        ]
      },
      "Qwen3-4B": {
        "f1": 0.739094650205761,
        "ci": [
          0.7137663673774783,
          0.7643845866068086
        ]
      },
      "ITR": {
        "f1": 0.15282865282865285,
        "ci": [
          0.13024013024013031,
          0.17785917785917782
        ]
      },
      "Random-k": {
        "f1": 0.09650610500610501,
        "ci": [
          0.09470173992673993,
          0.0981013838013838
        ]
      }
    },
    "Complex": {
      "BM25": {
        "f1": 0.870483302100949,
        "ci": [
          0.8395008248831778,
          0.9010575625355037
        ]
      },
      "Hash": {
        "f1": 0.8924173266820324,
        "ci": [
          0.8636922793301468,
          0.9196139196451695
        ]
      },
      "BGE-base": {
        "f1": 0.7973315926992398,
        "ci": [
          0.7710117798867797,
          0.8243005256589815
        ]
      },
      "BGE-M3": {
        "f1": 0.822848885863592,
        "ci": [
          0.7933170246148186,
          0.8527530814093313
        ]
      },
      "Nemotron-8B": {
        "f1": 0.7606653885330353,
        "ci": [
          0.74147444589724,
          0.7801912460497018
        ]
      },
      "Qwen3-0.6B": {
        "f1": 0.787634318296083,
        "ci": [
          0.7584639876055316,
          0.8148179253344693
        ]
      },
      "Qwen3-4B": {
        "f1": 0.8014538919685976,
        "ci": [
          0.7760228605136692,
          0.8262907273826391
        ]
      },
      "ITR": {
        "f1": 0.1605975723622782,
        "ci": [
          0.13213174019607848,
          0.19002235060690945
        ]
      },
      "Random-k": {
        "f1": 0.11465603174603174,
        "ci": [
          0.11101606667250234,
          0.11816832924836601
        ]
      }
    }
  },
  "Mandatory only": {
    "Standard": {
      "BM25": {
        "f1": 0.4779563492063492,
        "ci": [
          0.451031746031746,
          0.5041269841269841
        ]
      },
      "Hash": {
        "f1": 0.4305357142857142,
        "ci": [
          0.40150744047619047,
          0.4591870039682539
        ]
      },
      "BGE-base": {
        "f1": 0.5218650793650793,
        "ci": [
          0.5010505952380953,
          0.5414290674603175
        ]
      },
      "BGE-M3": {
        "f1": 0.5379960317460318,
        "ci": [
          0.5205357142857143,
          0.5545441468253968
        ]
      },
      "Nemotron-8B": {
        "f1": 0.4954563492063492,
        "ci": [
          0.4742455357142856,
          0.517202876984127
        ]
      },
      "Qwen3-0.6B": {
        "f1": 0.5182738095238096,
        "ci": [
          0.49525793650793654,
          0.5404970238095238
        ]
      },
      "Qwen3-4B": {
        "f1": 0.5397619047619048,
        "ci": [
          0.518094742063492,
          0.5610734126984126
        ]
      },
      "ITR": {
        "f1": 0.18196428571428572,
        "ci": [
          0.16176537698412694,
          0.2029970238095238
        ]
      },
      "Random-k": {
        "f1": 0.11648960317460318,
        "ci": [
          0.11398347718253965,
          0.11896936607142855
        ]
      }
    },
    "Paraphrase": {
      "BM25": {
        "f1": 0.38444444444444437,
        "ci": [
          0.35015476190476186,
          0.4179365079365079
        ]
      },
      "Hash": {
        "f1": 0.416031746031746,
        "ci": [
          0.38809523809523794,
          0.443968253968254
        ]
      },
      "BGE-base": {
        "f1": 0.4388888888888888,
        "ci": [
          0.4242857142857141,
          0.454126984126984
        ]
      },
      "BGE-M3": {
        "f1": 0.467142857142857,
        "ci": [
          0.45031746031746017,
          0.4849206349206349
        ]
      },
      "Nemotron-8B": {
        "f1": 0.4622222222222222,
        "ci": [
          0.44507539682539665,
          0.47936507936507927
        ]
      },
      "Qwen3-0.6B": {
        "f1": 0.41063492063492046,
        "ci": [
          0.3926984126984126,
          0.42857142857142844
        ]
      },
      "Qwen3-4B": {
        "f1": 0.4601587301587301,
        "ci": [
          0.4377777777777778,
          0.48253968253968255
        ]
      },
      "ITR": {
        "f1": 0.05777777777777778,
        "ci": [
          0.039047619047619046,
          0.07809523809523813
        ]
      },