{
  "model": "claude-sonnet-4-6",
  "provider": "anthropic",
  "top_k": 5,
  "n_queries": 50,
  "classifier_top1_accuracy": 0.6,
  "n_oov_classifications": 0,
  "rows": [
    {
      "condition": "oracle",
      "recall": {
        "mean": 0.5933333333333333,
        "ci_lo": 0.4932916666666667,
        "ci_hi": 0.69
      },
      "ndcg": {
        "mean": 0.5673834349536294,
        "ci_lo": 0.46861853099521616,
        "ci_hi": 0.6599716471362671
      },
      "f1": {
        "mean": 0.35730158730158734,
        "ci_lo": 0.29849206349206353,
        "ci_hi": 0.41507936507936516
      }
    },
    {
      "condition": "inferred",
      "recall": {
        "mean": 0.35666666666666663,
        "ci_lo": 0.24666666666666665,
        "ci_hi": 0.4666666666666666
      },
      "ndcg": {
        "mean": 0.3387266170629523,
        "ci_lo": 0.23131145159906086,
        "ci_hi": 0.44599061798959067
      },
      "f1": {
        "mean": 0.22047619047619052,
        "ci_lo": 0.15357142857142858,
        "ci_hi": 0.2897619047619048
      }
    },
    {
      "condition": "no_governance",
      "recall": {
        "mean": 0.5183333333333333,
        "ci_lo": 0.4133333333333333,
        "ci_hi": 0.6183333333333333
      },
      "ndcg": {
        "mean": 0.4865211822015344,
        "ci_lo": 0.3848314769117759,
        "ci_hi": 0.5844855587658672
      },
      "f1": {
        "mean": 0.31761904761904763,
        "ci_lo": 0.25547619047619047,
        "ci_hi": 0.3777003968253968
      }
    }
  ]
}