{
  "model": "claude-sonnet-4-6",
  "provider": "anthropic",
  "top_k": 5,
  "n_queries": 1100,
  "classifier_setlevel_accuracy": 0.8481818181818181,
  "mean_predicted_set_size": 4.999090909090909,
  "n_oov_vocab_items": 98,
  "n_empty_predicted_sets": 0,
  "rows": [
    {
      "condition": "oracle",
      "recall": {
        "mean": 0.6786666666666666,
        "ci_lo": 0.6578321969696969,
        "ci_hi": 0.6993488636363635
      },
      "ndcg": {
        "mean": 0.6439276246301896,
        "ci_lo": 0.6238489397424066,
        "ci_hi": 0.6634551824186415
      },
      "f1": {
        "mean": 0.41573475009838656,
        "ci_lo": 0.4028869162403254,
        "ci_hi": 0.428367865341729
      }
    },
    {
      "condition": "inferred_top5",
      "recall": {
        "mean": 0.5017424242424242,
        "ci_lo": 0.47801477272727266,
        "ci_hi": 0.5256212121212122
      },
      "ndcg": {
        "mean": 0.4733076116128526,
        "ci_lo": 0.45087522210274944,
        "ci_hi": 0.4958940730576421
      },
      "f1": {
        "mean": 0.30632264200446024,
        "ci_lo": 0.2921244490358127,
        "ci_hi": 0.3206211252131707
      }
    },
    {
      "condition": "no_governance",
      "recall": {
        "mean": 0.5741818181818181,
        "ci_lo": 0.5520299242424243,
        "ci_hi": 0.596334090909091
      },
      "ndcg": {
        "mean": 0.5454350329443765,
        "ci_lo": 0.524410661356427,
        "ci_hi": 0.5664392379299578
      },
      "f1": {
        "mean": 0.3512505575232848,
        "ci_lo": 0.33770743801652897,
        "ci_hi": 0.36496147350124625
      }
    }
  ]
}