{
  "model": "claude-sonnet-4-6",
  "provider": "anthropic",
  "top_k": 5,
  "n_queries": 1100,
  "classifier_setlevel_accuracy": 0.8036363636363636,
  "mean_predicted_set_size": 3.8154545454545454,
  "n_oov_vocab_items": 140,
  "n_empty_predicted_sets": 0,
  "rows": [
    {
      "condition": "oracle",
      "recall": {
        "mean": 0.6786666666666666,
        "ci_lo": 0.6578321969696969,
        "ci_hi": 0.6993488636363635
      },
      "ndcg": {
        "mean": 0.6439276246301896,
        "ci_lo": 0.6238489397424066,
        "ci_hi": 0.6634551824186415
      },
      "f1": {
        "mean": 0.41573475009838656,
        "ci_lo": 0.4028869162403254,
        "ci_hi": 0.428367865341729
      }
    },
    {
      "condition": "inferred_multi",
      "recall": {
        "mean": 0.4825151515151515,
        "ci_lo": 0.45869621212121214,
        "ci_hi": 0.5071064393939393
      },
      "ndcg": {
        "mean": 0.45827027345180626,
        "ci_lo": 0.4358389474101466,
        "ci_hi": 0.4808702331577546
      },
      "f1": {
        "mean": 0.2958471730289913,
        "ci_lo": 0.28143128361537456,
        "ci_hi": 0.3105443804932441
      }
    },
    {
      "condition": "no_governance",
      "recall": {
        "mean": 0.5741818181818181,
        "ci_lo": 0.5520299242424243,
        "ci_hi": 0.596334090909091
      },
      "ndcg": {
        "mean": 0.5454350329443765,
        "ci_lo": 0.524410661356427,
        "ci_hi": 0.5664392379299578
      },
      "f1": {
        "mean": 0.3512505575232848,
        "ci_lo": 0.33770743801652897,
        "ci_hi": 0.36496147350124625
      }
    }
  ]
}