{
  "model": "claude-sonnet-4-6",
  "provider": "anthropic",
  "top_k": 5,
  "n_queries": 1100,
  "classifier_top1_accuracy": 0.46545454545454545,
  "n_oov_classifications": 6,
  "rows": [
    {
      "condition": "oracle",
      "recall": {
        "mean": 0.6786666666666666,
        "ci_lo": 0.6578321969696969,
        "ci_hi": 0.6993488636363635
      },
      "ndcg": {
        "mean": 0.6439276246301896,
        "ci_lo": 0.6238489397424066,
        "ci_hi": 0.6634551824186415
      },
      "f1": {
        "mean": 0.41573475009838656,
        "ci_lo": 0.4028869162403254,
        "ci_hi": 0.428367865341729
      }
    },
    {
      "condition": "inferred",
      "recall": {
        "mean": 0.33456060606060606,
        "ci_lo": 0.31013560606060603,
        "ci_hi": 0.359015909090909
      },
      "ndcg": {
        "mean": 0.3208119969629691,
        "ci_lo": 0.2973317515605151,
        "ci_hi": 0.3441459671078416
      },
      "f1": {
        "mean": 0.20500793650793653,
        "ci_lo": 0.19009040731995278,
        "ci_hi": 0.22005905319428049
      }
    },
    {
      "condition": "no_governance",
      "recall": {
        "mean": 0.5741818181818181,
        "ci_lo": 0.5520299242424243,
        "ci_hi": 0.596334090909091
      },
      "ndcg": {
        "mean": 0.5454350329443765,
        "ci_lo": 0.524410661356427,
        "ci_hi": 0.5664392379299578
      },
      "f1": {
        "mean": 0.3512505575232848,
        "ci_lo": 0.33770743801652897,
        "ci_hi": 0.36496147350124625
      }
    }
  ]
}